Symbol,Name,Last Sale,Net Change,% Change,Market Cap,Country,IPO Year,Volume,Sector,Industry
A,Agilent Technologies Inc. Common Stock,$136.76,-2.07,-1.491%,39294932286.00,United States,1999,975945,Industrials,Biotechnology: Laboratory Analytical Instruments
AA,Alcoa Corporation Common Stock ,$41.52,-0.19,-0.456%,10726282613.00,United States,2016,3153997,Industrials,Aluminum
AACT,Ares Acquisition Corporation II Class A Ordinary Shares,$10.86,0.02,0.185%,0.00,,2023,43055,Finance,Blank Checks
AAM,AA Mission Acquisition Corp. Class A Ordinary Shares,$10.02,0.00,0.00%,0.00,,2024,103833,,
AAP,Advance Auto Parts Inc.,$40.98,1.16,2.913%,2445452158.00,United States,,2576966,Consumer Discretionary,Auto & Home Supply Stores
AAT,American Assets Trust Inc. Common Stock,$27.52,-0.70,-2.481%,1676011564.00,United States,2011,113219,Real Estate,Real Estate Investment Trusts
AB,AllianceBernstein Holding L.P.  Units,$37.83,-0.86,-2.223%,4336053869.00,United States,,394094,Finance,Investment Managers
ABBV,AbbVie Inc. Common Stock,$186.54,-2.32,-1.228%,329493762192.00,United States,2012,4496506,Health Care,Biotechnology: Pharmaceutical Preparations
ABCB,Ameris Bancorp Common Stock,$62.41,-2.44,-3.763%,4310472656.00,United States,1994,296022,Finance,Major Banks
ABEV,Ambev S.A. American Depositary Shares (Each representing 1 Common Share),$2.29,0.01,0.439%,36076278220.00,Brazil,2013,22784186,Consumer Staples,Beverages (Production/Distribution)
ABG,Asbury Automotive Group Inc Common Stock,$229.97,-4.68,-1.994%,4594823597.00,United States,2002,206383,Consumer Discretionary,Retail-Auto Dealers and Gas Stations
ABM,ABM Industries Incorporated Common Stock,$54.29,-0.72,-1.309%,3408937451.00,United States,,601547,Finance,Diversified Commercial Services
ABR,Arbor Realty Trust Common Stock,$15.04,-0.36,-2.338%,2835775140.00,United States,2004,2036170,Real Estate,Real Estate Investment Trusts
ABR^D,Arbor Realty Trust 6.375% Series D Cumulative Redeemable Preferred Stock Liquidation Preference $25.00 per Share,$19.6535,-0.1465,-0.74%,,United States,,13989,,
ABR^E,Arbor Realty Trust 6.25% Series E Cumulative Redeemable Preferred Stock,$19.9501,-0.2799,-1.384%,,United States,,1389,,
ABR^F,Arbor Realty Trust 6.25% Series F Fixed-to-Floating Rate Cumulative Redeemable Preferred Stock Liquidation Preference $25.00 per share,$20.04,0.01,0.05%,,United States,,21659,,
ABT,Abbott Laboratories Common Stock,$116.99,-2.40,-2.01%,203550550498.00,United States,,8303225,Health Care,Biotechnology: Pharmaceutical Preparations
AC,Associated Capital Group Inc. Common Stock,$38.91,-2.19,-5.328%,827637684.00,United States,2015,23191,Finance,Investment Bankers/Brokers/Service
ACA,Arcosa Inc. Common Stock ,$93.67,-1.26,-1.327%,4569597186.00,United States,2018,238244,Industrials,Metal Fabrications
ACCO,Acco Brands Corporation Common Stock,$5.09,-0.10,-1.927%,487610995.00,United States,,550821,Consumer Discretionary,Publishing
ACEL,Accel Entertainment Inc. ,$11.06,-0.26,-2.297%,913940468.00,United States,2017,156340,Consumer Discretionary,Services-Misc. Amusement & Recreation
ACHR,Archer Aviation Inc. Class A Common Stock,$3.06,-0.13,-4.075%,1087993884.00,United States,2020,7832221,Industrials,Aerospace
ACI,Albertsons Companies Inc. Class A Common Stock,$18.74,-0.26,-1.368%,10856983000.00,United States,2020,5215000,Consumer Staples,Food Chains
ACM,AECOM Common Stock,$107.49,-0.40,-0.371%,14410834528.00,United States,2007,389378,Consumer Discretionary,Military/Government/Technical
ACN,Accenture plc Class A Ordinary Shares (Ireland),$376.03,-0.83,-0.22%,235080194054.00,Ireland,2001,1784636,Consumer Discretionary,Business Services
ACP,abrdn Income Credit Strategies Fund Common Shares,$6.64,0.02,0.302%,0.00,United States,2011,408479,Finance,Investment Managers
ACP^A,abrdn Income Credit Strategies Fund 5.250% Series A Perpetual Preferred Stock,$24.5655,-0.0075,-0.031%,,United States,,1171,,
ACR,ACRES Commercial Realty Corp. Common Stock,$15.43,-0.24,-1.532%,121483970.00,United States,,9675,Real Estate,Real Estate Investment Trusts
ACR^C,ACRES Commercial Realty Corp. 8.625% Fixed-to-Floating Series C Cumulative Redeemable Preferred Stock ,$24.7793,-0.1107,-0.445%,,United States,,3630,,
ACR^D,ACRES Commercial Realty Corp. 7.875% Series D Cumulative Redeemable Preferred Stock,$23.3185,-0.0315,-0.135%,,United States,,3106,,
ACRE,Ares Commercial Real Estate Corporation Common Stock,$6.58,-0.13,-1.937%,358733224.00,United States,2012,384296,Real Estate,Real Estate Investment Trusts
ACV,Virtus Diversified Income & Convertible Fund Common Shares of Beneficial Interest,$21.44,-0.24,-1.107%,222181734.00,United States,2015,25542,Finance,Finance/Investors Services
ADC,Agree Realty Corporation Common Stock,$74.98,-0.60,-0.794%,7544828684.00,United States,,1192263,Real Estate,Real Estate Investment Trusts
ADC^A,Agree Realty Corporation Depositary Shares each representing 1/1000th of a 4.250% Series A Cumulative Redeemable Preferred Stock,$21.38,-0.27,-1.247%,,United States,,50344,,
ADCT,ADC Therapeutics SA Common Shares,$3.12,0.00,0.00%,301540044.00,Switzerland,2020,114214,Health Care,Biotechnology: Pharmaceutical Preparations
ADM,Archer-Daniels-Midland Company Common Stock,$56.13,-0.27,-0.479%,26838112032.00,United States,,1953431,Consumer Staples,Packaged Foods
ADNT,Adient plc Ordinary Shares ,$21.66,-1.09,-4.791%,1888533949.00,United States,2016,758049,Consumer Discretionary,Auto Parts:O.E.M.
ADT,ADT Inc. Common Stock,$6.95,-0.14,-1.975%,6337204551.00,United States,2018,5762757,Consumer Discretionary,Diversified Commercial Services
ADX,Adams Diversified Equity Fund Inc.,$21.83,-0.09,-0.411%,0.00,United States,,166817,Finance,Investment Managers
AEE,Ameren Corporation Common Stock,$88.23,-0.61,-0.687%,23541239647.00,United States,,1208521,Utilities,Power Generation
AEFC,Aegon Funding Company LLC 5.10% Subordinated Notes due 2049,$22.20,-0.29,-1.289%,0.00,United States,2019,12886,,
AEG,Aegon Ltd. New York Registry Shares,$6.35,-0.08,-1.244%,13998487065.00,Netherlands,,1547398,Finance,Life Insurance
AEM,Agnico Eagle Mines Limited Common Stock,$86.63,0.46,0.534%,43305149129.00,Canada,,3070306,Basic Materials,Precious Metals
AEO,American Eagle Outfitters Inc. Common Stock,$20.60,-0.61,-2.876%,3956509872.00,United States,,3563700,Consumer Discretionary,Clothing/Shoe/Accessory Stores
AER,AerCap Holdings N.V. Ordinary Shares,$96.47,-1.02,-1.046%,19534515917.00,Netherlands,2006,549267,Consumer Discretionary,Diversified Commercial Services
AES,The AES Corporation Common Stock,$17.21,-0.26,-1.488%,12235007444.00,United States,,7460599,Utilities,Electric Utilities: Central
AESI,Atlas Energy Solutions Inc. Common Stock,$19.86,-0.08,-0.401%,2182019411.00,United States,2023,902401,Industrials,Mining & Quarrying of Nonmetallic Minerals (No Fuels)
AEVA,Aeva Technologies Inc. Common Stock,$3.91,-0.25,-6.01%,209765369.00,United States,2020,237507,Consumer Discretionary,Auto Parts:O.E.M.
AFB,AllianceBernstein National Municipal Income Fund Inc,$11.58,-0.11,-0.941%,0.00,United States,2002,59365,Finance,Trusts Except Educational Religious and Charitable
AFG,American Financial Group Inc. Common Stock,$133.68,-2.64,-1.937%,11216261989.00,United States,,229286,Finance,Property-Casualty Insurers
AFGB,American Financial Group Inc. 5.875% Subordinated Debentures due 2059,$24.702,-0.168,-0.676%,2072592038.00,United States,2019,3136,Finance,Property-Casualty Insurers
AFGC,American Financial Group Inc. 5.125% Subordinated Debentures due 2059,$22.91,-0.31,-1.335%,1922236402.00,United States,2019,3522,Finance,Property-Casualty Insurers
AFGD,American Financial Group Inc. 5.625% Subordinated Debentures due 2060,$24.59,-0.08,-0.324%,2063194811.00,United States,2020,5354,Finance,Property-Casualty Insurers
AFGE,American Financial Group Inc. 4.500% Subordinated Debentures due 2060,$20.36,-0.29,-1.404%,1708281673.00,United States,2020,9601,Finance,Property-Casualty Insurers
AFL,AFLAC Incorporated Common Stock,$112.75,-1.75,-1.528%,63142966565.00,United States,,1256722,Finance,Accident &Health Insurance
AG,First Majestic Silver Corp. Ordinary Shares (Canada),$7.59,0.29,3.973%,2289197555.00,Canada,,16861673,Basic Materials,Precious Metals
AGCO,AGCO Corporation Common Stock,$98.62,-3.12,-3.067%,7361223922.00,United States,,595406,Industrials,Industrial Machinery/Components
AGD,abrdn Global Dynamic Dividend Fund Common Shares of Beneficial Interest,$10.62,0.00,0.00%,0.00,United States,2006,247870,Finance,Trusts Except Educational Religious and Charitable
AGI,Alamos Gold Inc. Class A Common Shares,$20.79,-0.20,-0.953%,8725930131.00,Canada,2015,3002251,Basic Materials,Precious Metals
AGL,agilon health inc. Common Stock,$2.81,-0.17,-5.705%,1156266772.00,United States,2021,12423610,Health Care,Misc Health and Biotechnology Services
AGM,Federal Agricultural Mortgage Corporation Common Stock,$183.34,-4.74,-2.52%,1995060778.00,United States,,56265,Finance,Finance Companies
AGM^D,Federal Agricultural Mortgage Corporation 5.700% Non-Cumulative Preferred Stock Series D,$24.0501,-0.4499,-1.836%,,United States,,1096,,
AGM^E,Federal Agricultural Mortgage Corporation 5.750% Non-Cumulative Preferred Stock Series E,$24.00,-0.12,-0.498%,,United States,,5901,,
AGM^F,Federal Agricultural Mortgage Corporation 5.250% Non-Cumulative Preferred Stock Series F,$22.70,-0.2496,-1.088%,,United States,,8547,,
AGM^G,Federal Agricultural Mortgage Corporation 4.875% Non-Cumulative Preferred Stock Series G,$21.51,-0.075,-0.347%,,United States,,7991,,
AGO,Assured Guaranty Ltd. Common Stock,$85.02,-1.75,-2.017%,4475077012.00,Bermuda,2004,214060,Finance,Property-Casualty Insurers
AGR,Avangrid Inc. Common Stock,$35.67,0.02,0.056%,13801116226.00,United States,2015,438516,Utilities,Electric Utilities: Central
AGRO,Adecoagro S.A. Common Shares,$11.37,-0.01,-0.088%,1184012824.00,Luxembourg,2011,1053438,Consumer Staples,Farming/Seeds/Milling
AGS,PlayAGS Inc. Common Stock,$11.62,-0.02,-0.172%,467566269.00,United States,2018,183462,Consumer Discretionary,Miscellaneous manufacturing industries
AGX,Argan Inc. Common Stock,$129.30,0.51,0.396%,1745504745.00,United States,,296868,Consumer Discretionary,Engineering & Construction
AHH,Armada Hoffler Properties Inc. Common Stock,$11.00,-0.26,-2.309%,746601625.00,United States,2013,677195,Finance,Real Estate
AHH^A,Armada Hoffler Properties Inc. 6.75% Series A Cumulative Redeemable Perpetual Preferred Stock,$24.55,-0.2811,-1.132%,,United States,,15340,,
AHL^C,Aspen Insurance Holdings Limited 5.95% Fixed-to-Floating Rate Perpetual Non-Cumulative Preference Shares,$26.28,-0.14,-0.53%,,Bermuda,,5639,,
AHL^D,Aspen Insurance Holdings Limited 5.625% Perpetual Non-Cumulative Preference Shares,$21.29,-0.38,-1.754%,,Bermuda,,10650,,